state,district_as_per_source,district_as_per_lgd,district_lgd_code,notes
Andaman and Nicobar Islands,South Andaman,South Andamans,602,
Andaman and Nicobar Islands,South Andamans,South Andamans,602,
Andaman and Nicobar Islands,Nicobar,Nicobars,603,
Andaman and Nicobar Islands,Nicobars,Nicobars,603,
Andaman and Nicobar Islands,North & Middle Andaman,North and Middle Andaman,632,
Andaman and Nicobar Islands,North and Middle Andaman,North and Middle Andaman,632,
Andhra Pradesh,Adilabad,Adilabad,501,
Andhra Pradesh,Anantapur,Ananthapuramu,502,
Andhra Pradesh,Anantapuramu,Ananthapuramu,502,
Andhra Pradesh,Ananthapuramu,Ananthapuramu,502,
Andhra Pradesh,Chittoor,Chittoor,503,
Andhra Pradesh,Cuddapah,Y.S.R.,504,
Andhra Pradesh,Kadapa YSR,Y.S.R.,504,
Andhra Pradesh,Y.S.R.,Y.S.R.,504,
Andhra Pradesh,East Godavari,East Godavari,505,
Andhra Pradesh,Guntur,Guntur,506,
Andhra Pradesh,Hyderabad,Hyderabad,507,
Andhra Pradesh,Karimnagar,Karimnagar,508,
Andhra Pradesh,Khammam,Khammam,509,
Andhra Pradesh,Krishna,Krishna,510,
Andhra Pradesh,Kurnool,Kurnool,511,
Andhra Pradesh,Mahbubnagar,Mahbubnagar,512,
Andhra Pradesh,Medak,Medak,513,
Andhra Pradesh,Nalgonda,Nalgonda,514,
Andhra Pradesh,Nellore,Sri Potti Sriramulu Nellore,515,
Andhra Pradesh,SPSR- Nellore,Sri Potti Sriramulu Nellore,515,
Andhra Pradesh,Sri Potti Sriramulu Nellore,Sri Potti Sriramulu Nellore,515,
Andhra Pradesh,Nizamabad,Nizamabad,516,
Andhra Pradesh,Prakasam,Prakasam,517,
Andhra Pradesh,Rangareddi,Rangareddi,518,
Andhra Pradesh,Srikakulam,Srikakulam,519,
Andhra Pradesh,Visakhapatnam,Visakhapatnam,520,
Andhra Pradesh,Vishakhapatnam,Visakhapatnam,520,
Andhra Pradesh,Vizianagaram,Vizianagaram,521,
Andhra Pradesh,Warangal,Warangal,522,
Andhra Pradesh,West Godavari,West Godavari,523,
Andhra Pradesh,Parvathipuram Manyam,Parvathipuram Manyam,743,
Andhra Pradesh,Anakapalli,Anakapalli,744,
Andhra Pradesh,Alluri Sitharama Raju,Alluri Sitharama Raju,745,
Andhra Pradesh,Kakinada,Kakinada,746,
Andhra Pradesh,Dr. B.R. Ambedkar Konaseema,Dr. B.R. Ambedkar Konaseema,747,
Andhra Pradesh,Konaseema,Dr. B.R. Ambedkar Konaseema,747,
Andhra Pradesh,Eluru,Eluru,748,
Andhra Pradesh,NTR,NTR,749,
Andhra Pradesh,Bapatla,Bapatla,750,
Andhra Pradesh,Palnadu,Palnadu,751,
Andhra Pradesh,Tirupati,Tirupati,752,
Andhra Pradesh,Annamayya,Annamayya,753,
Andhra Pradesh,Sri Sathya Sai,Sri Sathya Sai,754,
Andhra Pradesh,Nandyal,Nandyal,755,
Andhra Pradesh,Vijayawada(U),Vijayawada(U),,
Arunachal Pradesh,Changlang,Changlang,229,
Arunachal Pradesh,Chunglang,Changlang,229,
Arunachal Pradesh,Dibang Valley,Dibang Valley,230,
Arunachal Pradesh,East Kameng,East Kameng,231,
Arunachal Pradesh,East Siang,East Siang,232,
Arunachal Pradesh,Kurung Kumey,Kurung Kumey,233,
Arunachal Pradesh,Lohit,Lohit,234,
Arunachal Pradesh,Lower Dibang Valley,Lower Dibang Valley,235,
Arunachal Pradesh,Lower Subansiri,Lower Subansiri,236,
Arunachal Pradesh,Papum Pare,Papum Pare,237,
Arunachal Pradesh,Papumpare,Papum Pare,237,
Arunachal Pradesh,Tawang,Tawang,238,
Arunachal Pradesh,Tirap,Tirap,239,
Arunachal Pradesh,Upper Siang,Upper Siang,240,
Arunachal Pradesh,Upper Subansiri,Upper Subansiri,241,
Arunachal Pradesh,West Kameng,West Kameng,242,
Arunachal Pradesh,West Siang,West Siang,243,
Arunachal Pradesh,Krishna,Krishna,510,
Arunachal Pradesh,Anjaw,Anjaw,628,
Arunachal Pradesh,Longding,Longding,666,
Arunachal Pradesh,Kra Daadi,Kra Daadi,677,
Arunachal Pradesh,Namsai,Namsai,678,
Arunachal Pradesh,Siang,Siang,679,
Arunachal Pradesh,Kamle,Kamle,718,
Arunachal Pradesh,Lower Siang,Lower Siang,719,
Arunachal Pradesh,Pakke Kessang,Pakke Kessang,723,
Arunachal Pradesh,Leparada,Leparada,724,
Arunachal Pradesh,Shi Yomi,Shi Yomi,725,
Arunachal Pradesh,Shi-yomi,Shi Yomi,725,
Arunachal Pradesh,Keyi Panyor,Keyi Panyor,786,
Arunachal Pradesh,Bichom,Bichom,787,
Assam,Barpeta,Barpeta,280,
Assam,Bongaigaon,Bongaigaon,281,
Assam,Cachar,Cachar,282,
Assam,Darrang,Darrang,283,
Assam,Dhemaji,Dhemaji,284,
Assam,Dhubri,Dhubri,285,
Assam,Dibrugarh,Dibrugarh,286,
Assam,Goalpara,Goalpara,287,
Assam,Golaghat,Golaghat,288,
Assam,Hailakandi,Hailakandi,289,
Assam,Jorhat,Jorhat,290,
Assam,Kamrup,Kamrup,291,
Assam,Karbi Anglong,Karbi Anglong,292,
Assam,Karimganj,Karimganj,293,
Assam,Kokrajhar,Kokrajhar,294,
Assam,Lakhimpur,Lakhimpur,295,
Assam,Marigaon,Marigaon,296,
Assam,Morigaon,Marigaon,296,
Assam,Nagaon,Nagaon,297,
Assam,Nalbari,Nalbari,298,
Assam,Dima Hasao,Dima Hasao,299,
Assam,Dima-Hasao (N.C.Hills),Dima Hasao,299,
Assam,North Cachar Hills,Dima Hasao,299,
Assam,Sibsagar,Sivasagar,300,
Assam,Sivasagar,Sivasagar,300,
Assam,Sonitpur,Sonitpur,301,
Assam,Tinsukia,Tinsukia,302,
Assam,Chirang,Chirang,612,
Assam,Baksa,Baksa,616,
Assam,Udalguri,Udalguri,617,
Assam,Kamrup (M),Kamrup Metro,618,
Assam,Kamrup Metro,Kamrup Metro,618,
Assam,Kamrup Metropolitan,Kamrup Metro,618,
Assam,Biswanath,Biswanath,705,
Assam,Majuli,Majuli,706,
Assam,South Salmara Mancachar,South Salmara Mancachar,707,
Assam,South Salmara-mankachar,South Salmara Mancachar,707,
Assam,Chairaideo,Charaideo,708,
Assam,Charaideo,Charaideo,708,
Assam,Hojai,Hojai,709,
Assam,West Karbi Anglong,West Karbi Anglong,710,
Assam,Bajali,Bajali,739,
Assam,Tamulpur,Tamulpur,756,
Bihar,Araria,Araria,188,
Bihar,Aurangabad,Aurangabad,189,
Bihar,Banka,Banka,190,
Bihar,Begusarai,Begusarai,191,
Bihar,Bhagalpur,Bhagalpur,192,
Bihar,Bhojpur,Bhojpur,193,
Bihar,Buxar,Buxar,194,
Bihar,Darbhanga,Darbhanga,195,
Bihar,Gaya,Gaya,196,
Bihar,Gopalganj,Gopalganj,197,
Bihar,Jamui,Jamui,198,
Bihar,Jehanabad,Jehanabad,199,
Bihar,Kaimur,Kaimur (Bhabua),200,
Bihar,Kaimur (Bhabua),Kaimur (Bhabua),200,
Bihar,Kaimur(Bhabua),Kaimur (Bhabua),200,
Bihar,Katihar,Katihar,201,
Bihar,Khagaria,Khagaria,202,
Bihar,Kishanganj,Kishanganj,203,
Bihar,Lakhisarai,Lakhisarai,204,
Bihar,Madhepura,Madhepura,205,
Bihar,Madhubani,Madhubani,206,
Bihar,Munger,Munger,207,
Bihar,Muzaffarpur,Muzaffarpur,208,
Bihar,Nalanda,Nalanda,209,
Bihar,Nawada,Nawada,210,
Bihar,Paschimi Champaran,Pashchim Champaran,211,
Bihar,Pashchim Champaran,Pashchim Champaran,211,
Bihar,West Champaran,Pashchim Champaran,211,
Bihar,Patna,Patna,212,
Bihar,East Champaran,Purbi Champaran,213,
Bihar,Purba Champaran,Purbi Champaran,213,
Bihar,Purbi Champaran,Purbi Champaran,213,
Bihar,Purnia,Purnia,214,
Bihar,Rohtas,Rohtas,215,
Bihar,Saharsa,Saharsa,216,
Bihar,Samastipur,Samastipur,217,
Bihar,Saran,Saran,218,
Bihar,Sheikhpura,Sheikhpura,219,
Bihar,Sheohar,Sheohar,220,
Bihar,Sitamarhi,Sitamarhi,221,
Bihar,Siwan,Siwan,222,
Bihar,Supaul,Supaul,223,
Bihar,Vaishali,Vaishali,224,
Bihar,Arwal,Arwal,611,
Chandigarh,Chandigarh,Chandigarh,44,
Chhattisgarh,Bastar,Bastar,374,
Chhattisgarh,Bastar Jagdalpur,Bastar,374,
Chhattisgarh,Bilaspur,Bilaspur,375,
Chhattisgarh,Dakshin Bastar Dantewada,Dakshin Bastar Dantewada,376,
Chhattisgarh,Dantewada,Dakshin Bastar Dantewada,376,
Chhattisgarh,South Bastar Dantewada,Dakshin Bastar Dantewada,376,
Chhattisgarh,South Bastar-Dantewada,Dakshin Bastar Dantewada,376,
Chhattisgarh,Dhamtari,Dhamtari,377,
Chhattisgarh,Durg,Durg,378,
Chhattisgarh,Janjgir Champa,Janjgir-Champa,379,
Chhattisgarh,Janjgir-Champa,Janjgir-Champa,379,
Chhattisgarh,Jashpur,Jashpur,380,
Chhattisgarh,Kanker,Uttar Bastar Kanker,381,
Chhattisgarh,Norh Bastar-Kanker,Uttar Bastar Kanker,381,
Chhattisgarh,Uttar Bastar Kanker,Uttar Bastar Kanker,381,
Chhattisgarh,Kabeerdham,Kabeerdham,382,
Chhattisgarh,Korba,Korba,383,
Chhattisgarh,Korea,Korea,384,
Chhattisgarh,Koriya,Korea,384,
Chhattisgarh,Mahasamund,Mahasamund,385,
Chhattisgarh,Raigarh,Raigarh,386,
Chhattisgarh,Raipur,Raipur,387,
Chhattisgarh,Rajnandgaon,Rajnandgaon,388,
Chhattisgarh,Sarguja,Surguja,389,
Chhattisgarh,Surguja,Surguja,389,
Chhattisgarh,Bijapur,Bijapur,636,
Chhattisgarh,Narayanpur,Narayanpur,637,
Chhattisgarh,Sukma,Sukma,642,
Chhattisgarh,Kondagaon,Kondagaon,643,
Chhattisgarh,Balodabazar,Balodabazar-Bhatapara,644,
Chhattisgarh,Balodabazar Bhatapara,Balodabazar-Bhatapara,644,
Chhattisgarh,Balodabazar-Bhatapara,Balodabazar-Bhatapara,644,
Chhattisgarh,Gariaband,Gariyaband,645,
Chhattisgarh,Gariyaband,Gariyaband,645,
Chhattisgarh,Balod,Balod,646,
Chhattisgarh,Mungeli,Mungeli,647,
Chhattisgarh,Surajpur,Surajpur,648,
Chhattisgarh,Balrampur,Balrampur-Ramanujganj,649,
Chhattisgarh,Balrampur-Ramanujganj,Balrampur-Ramanujganj,649,
Chhattisgarh,Bemetara,Bemetara,650,
Chhattisgarh,Gaurela Pendra Marwahi,Gaurela-Pendra-Marwahi,734,
Chhattisgarh,Gaurela-Pendra-Marwahi,Gaurela-Pendra-Marwahi,734,
Chhattisgarh,Khairagarh Chhuikhadan Gandai,Khairagarh-Chhuikhadan-Gandai,759,
Chhattisgarh,Khairagarh-Chhuikhadan-Gandai,Khairagarh-Chhuikhadan-Gandai,759,
Chhattisgarh,Manendragarh Chirmiri Bharatpur Mcb,Manendragarh-Chirmiri-Bharatpur(M C B),760,
Chhattisgarh,Manendragarh-chirmiri-bharatpur,Manendragarh-Chirmiri-Bharatpur(M C B),760,
Chhattisgarh,Manendragarh-Chirmiri-Bharatpur(M C B),Manendragarh-Chirmiri-Bharatpur(M C B),760,
Chhattisgarh,Mohla Manpur Ambagarh Chouki,Mohla-Manpur-Ambagarh Chouki,761,
Chhattisgarh,Mohla-Manpur-Ambagarh Chouki,Mohla-Manpur-Ambagarh Chouki,761,
Chhattisgarh,Sakti,Sakti,762,
Chhattisgarh,Sarangarh Bilaigarh,Sarangarh-Bilaigarh,763,
Chhattisgarh,Sarangarh-Bilaigarh,Sarangarh-Bilaigarh,763,
Chhattisgarh,Kawardha,Kawardha,,
Chhattisgarh,Mahasamund Raipur,Mahasamund Raipur,,
Dadra and Nagar Haveli,Dadra and Nagar Haveli,Dadra and Nagar Haveli,465,
Dadra and Nagar Haveli and Daman and Diu,Daman,Daman,463,
Dadra and Nagar Haveli and Daman and Diu,Diu,Diu,464,
Dadra and Nagar Haveli and Daman and Diu,Dadra and Nagar Haveli,Dadra and Nagar Haveli,465,
Dadra and Nagar Haveli and Daman and Diu,Dadra&nagar Haveli,Dadra and Nagar Haveli,465,
Daman and Diu,Daman,Daman,463,
Daman and Diu,Diu,Diu,464,
Delhi,Central,Central Delhi,77,
Delhi,Central Delhi,Central Delhi,77,
Delhi,East,East Delhi,78,
Delhi,East Delhi,East Delhi,78,
Delhi,New Delhi,New Delhi,79,
Delhi,North,North Delhi,80,
Delhi,North Delhi,North Delhi,80,
Delhi,North East,North East Delhi,81,
Delhi,North-east Delhi,North East Delhi,81,
Delhi,North East Delhi,North East Delhi,81,
Delhi,North West,North West Delhi,82,
Delhi,North-west Delhi,North West Delhi,82,
Delhi,North West Delhi,North West Delhi,82,
Delhi,South,South Delhi,83,
Delhi,South Delhi,South Delhi,83,
Delhi,South West,South West Delhi,84,
Delhi,South-west Delhi,South West Delhi,84,
Delhi,South West Delhi,South West Delhi,84,
Delhi,West,West Delhi,85,
Delhi,West Delhi,West Delhi,85,
Delhi,South East,South East Delhi,670,
Delhi,South-east Delhi,South East Delhi,670,
Delhi,Shahdara,Shahdara,671,
Delhi,Delhi,Delhi,,
Goa,North Goa,North Goa,551,
Goa,South Goa,South Goa,552,
Gujarat,Ahmedabad,Ahmedabad,438,
Gujarat,Amreli,Amreli,439,
Gujarat,Anand,Anand,440,
Gujarat,Banas Kantha,Banas Kantha,441,
Gujarat,Bharuch,Bharuch,442,
Gujarat,Bhavnagar,Bhavnagar,443,
Gujarat,Dangs,Dangs,444,
Gujarat,The Dangs,Dangs,444,
Gujarat,The Dangs (Danga Ahwa),Dangs,444,
Gujarat,Dahod,Dahod,445,
Gujarat,Dohad,Dahod,445,
Gujarat,Gandhinagar,Gandhinagar,446,
Gujarat,Jamnagar,Jamnagar,447,
Gujarat,Junagadh,Junagadh,448,
Gujarat,Kachchh,Kachchh,449,
Gujarat,Kheda,Kheda,450,
Gujarat,Mahesana,Mahesana,451,
Gujarat,Mehsana,Mahesana,451,
Gujarat,Narmada,Narmada,452,
Gujarat,Navsari,Navsari,453,
Gujarat,Panch Mahals,Panch Mahals,454,
Gujarat,Panchmahals,Panch Mahals,454,
Gujarat,Patan,Patan,455,
Gujarat,Porbandar,Porbandar,456,
Gujarat,Rajkot,Rajkot,457,
Gujarat,Sabar Kantha,Sabar Kantha,458,
Gujarat,Sabarkantha,Sabar Kantha,458,
Gujarat,Surat,Surat,459,
Gujarat,Surendranagar,Surendranagar,460,
Gujarat,Vadodara,Vadodara,461,
Gujarat,Valsad,Valsad,462,
Gujarat,Tapi,Tapi,641,
Gujarat,Chhotaudaipur,Chhotaudepur,668,
Gujarat,Chhotaudepur,Chhotaudepur,668,
Gujarat,Mahisagar,Mahisagar,669,
Gujarat,Aravalli,Arvalli,672,
Gujarat,Arvalli,Arvalli,672,
Gujarat,Morbi,Morbi,673,
Gujarat,Devbhumi Dwarka,Devbhumi Dwarka,674,
Gujarat,Gir Somnath,Gir Somnath,675,
Gujarat,Botad,Botad,676,
Haryana,Ambala,Ambala,58,
Haryana,Bhiwani,Bhiwani,59,
Haryana,Faridabad,Faridabad,60,
Haryana,Fatehabad,Fatehabad,61,
Haryana,Gurgaon,Gurugram,62,
Haryana,Gurugram,Gurugram,62,
Haryana,Hisar,Hisar,63,
Haryana,Hissar,Hisar,63,
Haryana,Jhajjar,Jhajjar,64,
Haryana,Jind,Jind,65,
Haryana,Kaithal,Kaithal,66,
Haryana,Karnal,Karnal,67,
Haryana,Kurukshetra,Kurukshetra,68,
Haryana,Mahendragarh,Mahendragarh,69,
Haryana,Mahindergarh,Mahendragarh,69,
Haryana,Panchkula,Panchkula,70,
Haryana,Panipat,Panipat,71,
Haryana,Rewari,Rewari,72,
Haryana,Rohtak,Rohtak,73,
Haryana,Sirsa,Sirsa,74,
Haryana,Sonepat,Sonipat,75,
Haryana,Sonipat,Sonipat,75,
Haryana,Yamunanagar,Yamunanagar,76,
Haryana,Mewat,Nuh,604,
Haryana,Nuh,Nuh,604,
Haryana,Palwal,Palwal,619,
Haryana,Charkhi Dadri,Charkhi Dadri,701,
Haryana,Charki Dadri,Charkhi Dadri,701,
Himachal Pradesh,Bilaspur,Bilaspur,15,
Himachal Pradesh,Chamba,Chamba,16,
Himachal Pradesh,Hamirpur,Hamirpur,17,
Himachal Pradesh,Kangra,Kangra,18,
Himachal Pradesh,Kinnaur,Kinnaur,19,
Himachal Pradesh,Kullu,Kullu,20,
Himachal Pradesh,Kulu,Kullu,20,
Himachal Pradesh,Lahaul & Spiti,Lahaul and Spiti,21,
Himachal Pradesh,Lahaul And Spiti,Lahaul and Spiti,21,
Himachal Pradesh,Lahul & Spiti,Lahaul and Spiti,21,
Himachal Pradesh,Mandi,Mandi,22,
Himachal Pradesh,Shimla,Shimla,23,
Himachal Pradesh,Simla,Shimla,23,
Himachal Pradesh,Sirmaur,Sirmaur,24,
Himachal Pradesh,Solan,Solan,25,
Himachal Pradesh,Una,Una,26,
Jammu and Kashmir,Anantnag,Anantnag,1,
Jammu and Kashmir,Badgam,Budgam,2,
Jammu and Kashmir,Budgam,Budgam,2,
Jammu and Kashmir,Baramulla,Baramulla,3,
Jammu and Kashmir,Doda,Doda,4,
Jammu and Kashmir,Jammu,Jammu,5,
Jammu and Kashmir,Kargil,Kargil,6,
Jammu and Kashmir,Kathua,Kathua,7,
Jammu and Kashmir,Kupwara,Kupwara,8,
Jammu and Kashmir,Leh Ladakh,Leh Ladakh,9,
Jammu and Kashmir,Poonch,Poonch,10,
Jammu and Kashmir,Punch,Poonch,10,
Jammu and Kashmir,Pulwama,Pulwama,11,
Jammu and Kashmir,Rajouri,Rajouri,12,
Jammu and Kashmir,Srinagar,Srinagar,13,
Jammu and Kashmir,Udhampur,Udhampur,14,
Jammu and Kashmir,Kishtwar,Kishtwar,620,
Jammu and Kashmir,Ramban,Ramban,621,
Jammu and Kashmir,Kulgam,Kulgam,622,
Jammu and Kashmir,Bandipora,Bandipora,623,
Jammu and Kashmir,Bandipore,Bandipora,623,
Jammu and Kashmir,Samba,Samba,624,
Jammu and Kashmir,Shopian,Shopian,625,
Jammu and Kashmir,Ganderbal,Ganderbal,626,
Jammu and Kashmir,Reasi,Reasi,627,
Jharkhand,Bokaro,Bokaro,322,
Jharkhand,Chatra,Chatra,323,
Jharkhand,Deoghar,Deoghar,324,
Jharkhand,Dhanbad,Dhanbad,325,
Jharkhand,Dumka,Dumka,326,
Jharkhand,East Singhbhum,East Singhbum,327,
Jharkhand,East Singhbum,East Singhbum,327,
Jharkhand,Purbi Singhbhum,East Singhbum,327,
Jharkhand,Garhwa,Garhwa,328,
Jharkhand,Giridih,Giridih,329,
Jharkhand,Godda,Godda,330,
Jharkhand,Gumla,Gumla,331,
Jharkhand,Hazaribag,Hazaribagh,332,
Jharkhand,Hazaribagh,Hazaribagh,332,
Jharkhand,Jamtara,Jamtara,333,
Jharkhand,Kodarma,Koderma,334,
Jharkhand,Koderma,Koderma,334,
Jharkhand,Latehar,Latehar,335,
Jharkhand,Lohardaga,Lohardaga,336,
Jharkhand,Lohardagga,Lohardaga,336,
Jharkhand,Pakur,Pakur,337,
Jharkhand,Palamau,Palamu,338,
Jharkhand,Palamu,Palamu,338,
Jharkhand,Ranchi,Ranchi,339,
Jharkhand,Sahebganj,Sahebganj,340,
Jharkhand,Sahibganj,Sahebganj,340,
Jharkhand,Saraikela Kharsawan,Saraikela Kharsawan,341,
Jharkhand,Saraikela-Kharsawan,Saraikela Kharsawan,341,
Jharkhand,Sarikela Kharsawan,Saraikela Kharsawan,341,
Jharkhand,Seraikela Kharsawan,Saraikela Kharsawan,341,
Jharkhand,Seraikela-kharsawan,Saraikela Kharsawan,341,
Jharkhand,Simdega,Simdega,342,
Jharkhand,Paschimi Singhbhum,West Singhbhum,343,
Jharkhand,Pashchimi Singhbhum,West Singhbhum,343,
Jharkhand,West Singhbhum,West Singhbhum,343,
Jharkhand,Khunti,Khunti,606,
Jharkhand,Ramgarh,Ramgarh,607,
Karnataka,Bagalkot,Bagalkote,524,
Karnataka,Bagalkote,Bagalkote,524,
Karnataka,Bangalore Urban,Bengaluru Urban,525,
Karnataka,Bengaluru Urban,Bengaluru Urban,525,
Karnataka,Bangalore Rural,Bengaluru Rural,526,
Karnataka,Bangaluru Rural,Bengaluru Rural,526,
Karnataka,Bengaluru Rural,Bengaluru Rural,526,
Karnataka,Belagavi,Belagavi,527,
Karnataka,Belgaum,Belagavi,527,
Karnataka,Ballari,Ballari,528,
Karnataka,Bellary,Ballari,528,
Karnataka,Bidar,Bidar,529,
Karnataka,Bijapur,Vijayapura,530,
Karnataka,Vijayapura,Vijayapura,530,
Karnataka,Chamarajanagar,Chamarajanagar,531,
Karnataka,Chikkamagaluru,Chikkamagaluru,532,
Karnataka,Chikmagalur,Chikkamagaluru,532,
Karnataka,Chitradurga,Chitradurga,533,
Karnataka,Dakshin Kannad,Dakshina Kannada,534,
Karnataka,Dakshina Kannada,Dakshina Kannada,534,
Karnataka,Davanagere,Davanagere,535,
Karnataka,Davangere,Davanagere,535,
Karnataka,Dharwad,Dharwad,536,
Karnataka,Gadag,Gadag,537,
Karnataka,Gulbarga,Kalaburagi,538,
Karnataka,Kalaburagi,Kalaburagi,538,
Karnataka,Hassan,Hassan,539,
Karnataka,Haveri,Haveri,540,
Karnataka,Coorg (Kodagu),Kodagu,541,
Karnataka,Kodagu,Kodagu,541,
Karnataka,Kolar,Kolar,542,
Karnataka,Koppal,Koppal,543,
Karnataka,Mandya,Mandya,544,
Karnataka,Mysore,Mysuru,545,
Karnataka,Mysuru,Mysuru,545,
Karnataka,Raichur,Raichur,546,
Karnataka,Shimoga,Shivamogga,547,
Karnataka,Shivamogga,Shivamogga,547,
Karnataka,Tumakuru,Tumakuru,548,
Karnataka,Tumkur,Tumakuru,548,
Karnataka,Udipi,Udupi,549,
Karnataka,Udupi,Udupi,549,
Karnataka,Uttar Kannad,Uttara Kannada,550,
Karnataka,Uttar Kannada,Uttara Kannada,550,
Karnataka,Uttara Kannada,Uttara Kannada,550,
Karnataka,Chikkaballapur,Chikkaballapura,630,
Karnataka,Chikkaballapura,Chikkaballapura,630,
Karnataka,Ramanagara,Ramanagara,631,
Karnataka,Ramnagara,Ramanagara,631,
Karnataka,Yadagir,Yadgir,635,
Karnataka,Yadgir,Yadgir,635,
Karnataka,Vijayanagara,Vijayanagara,738,
Kerala,Alappuzha,Alappuzha,554,
Kerala,Alappuzhan(Alleppy),Alappuzha,554,
Kerala,Alapuzha,Alappuzha,554,
Kerala,Ernakulam,Ernakulam,555,
Kerala,Idukki,Idukki,556,
Kerala,Kannur,Kannur,557,
Kerala,Kasaragod,Kasaragod,558,
Kerala,Kasargod,Kasaragod,558,
Kerala,Kollam,Kollam,559,
Kerala,Kottayam,Kottayam,560,
Kerala,Kozhikode,Kozhikode,561,
Kerala,Malappuram,Malappuram,562,
Kerala,Palakkad,Palakkad,563,
Kerala,Pathanamthitta,Pathanamthitta,564,
Kerala,Thiruvananthapuram,Thiruvananthapuram,565,
Kerala,Thrissur,Thrissur,566,
Kerala,Wayanad,Wayanad,567,
Ladakh,Kargil,Kargil,6,
Ladakh,Leh,Leh Ladakh,9,
Ladakh,Leh Ladakh,Leh Ladakh,9,
Lakshadweep,Lakshadweep,Lakshadweep District,553,
Lakshadweep,Lakshadweep District,Lakshadweep District,553,
Madhya Pradesh,Annupur,Anuppur,390,
Madhya Pradesh,Anuppur,Anuppur,390,
Madhya Pradesh,Ashok Nagar,Ashoknagar,391,
Madhya Pradesh,Ashoknagar,Ashoknagar,391,
Madhya Pradesh,Balaghat,Balaghat,392,
Madhya Pradesh,Barwani,Barwani,393,
Madhya Pradesh,Betul,Betul,394,
Madhya Pradesh,Bhind,Bhind,395,
Madhya Pradesh,Bhopal,Bhopal,396,
Madhya Pradesh,Burhanpur,Burhanpur,397,
Madhya Pradesh,Chhatarpur,Chhatarpur,398,
Madhya Pradesh,Chhindwara,Chhindwara,399,
Madhya Pradesh,Damoh,Damoh,400,
Madhya Pradesh,Datia,Datia,401,
Madhya Pradesh,Dewas,Dewas,402,
Madhya Pradesh,Dhar,Dhar,403,
Madhya Pradesh,Dindori,Dindori,404,
Madhya Pradesh,East Nimar,Khandwa (East Nimar),405,
Madhya Pradesh,East Nimar(Khandwa),Khandwa (East Nimar),405,
Madhya Pradesh,Khandwa,Khandwa (East Nimar),405,
Madhya Pradesh,Khandwa (East Nimar),Khandwa (East Nimar),405,
Madhya Pradesh,Khandwa(East Nimar),Khandwa (East Nimar),405,
Madhya Pradesh,Guna,Guna,406,
Madhya Pradesh,Gwalior,Gwalior,407,
Madhya Pradesh,Harda,Harda,408,
Madhya Pradesh,Hoshangabad,Narmadapuram,409,
Madhya Pradesh,Narmadapuram,Narmadapuram,409,
Madhya Pradesh,Indore,Indore,410,
Madhya Pradesh,Jabalpur,Jabalpur,411,
Madhya Pradesh,Jhabua,Jhabua,412,
Madhya Pradesh,Katni,Katni,413,
Madhya Pradesh,Khargone,Khargone (West Nimar),414,
Madhya Pradesh,Khargone (West Nimar),Khargone (West Nimar),414,
Madhya Pradesh,Khargone(West Nimar),Khargone (West Nimar),414,
Madhya Pradesh,West Nimar,Khargone (West Nimar),414,
Madhya Pradesh,Mandla,Mandla,415,
Madhya Pradesh,Mandsaur,Mandsaur,416,
Madhya Pradesh,Morena,Morena,417,
Madhya Pradesh,Narsimhapur,Narsimhapur,418,
Madhya Pradesh,Narsinghpur,Narsimhapur,418,
Madhya Pradesh,Neemuch,Neemuch,419,
Madhya Pradesh,Nimach,Neemuch,419,
Madhya Pradesh,Panna,Panna,420,
Madhya Pradesh,Raisen,Raisen,421,
Madhya Pradesh,Rajgarh,Rajgarh,422,
Madhya Pradesh,Ratlam,Ratlam,423,
Madhya Pradesh,Rewa,Rewa,424,
Madhya Pradesh,Sagar,Sagar,425,
Madhya Pradesh,Satna,Satna,426,
Madhya Pradesh,Sehore,Sehore,427,
Madhya Pradesh,Seoni,Seoni,428,
Madhya Pradesh,Shahdol,Shahdol,429,
Madhya Pradesh,Shajapur,Shajapur,430,
Madhya Pradesh,Sheopur,Sheopur,431,
Madhya Pradesh,Shivpuri,Shivpuri,432,
Madhya Pradesh,Sidhi,Sidhi,433,
Madhya Pradesh,Tikamgarh,Tikamgarh,434,
Madhya Pradesh,Ujjain,Ujjain,435,
Madhya Pradesh,Umaria,Umaria,436,
Madhya Pradesh,Vidisha,Vidisha,437,
Madhya Pradesh,Singrauli,Singrauli,638,
Madhya Pradesh,Alirajpur,Alirajpur,639,
Madhya Pradesh,Agar-Malwa,Agar-Malwa,667,
Madhya Pradesh,Niwari,Niwari,722,
Madhya Pradesh,Mauganj,Mauganj,766,
Madhya Pradesh,Maihar,Maihar,784,
Madhya Pradesh,Pandhurna,Pandhurna,785,
Madhya Pradesh,Kabirdham,Kabirdham,,
Maharashtra,Aurangabad,Aurangabad,189,
Maharashtra,Ahilyanagar,Ahilyanagar,466,
Maharashtra,Ahmadnagar,Ahilyanagar,466,
Maharashtra,Ahmednagar,Ahilyanagar,466,
Maharashtra,Akola,Akola,467,
Maharashtra,Amravati,Amravati,468,
Maharashtra,Chhatrapati Sambhajinagar,Chhatrapati Sambhajinagar,469,
Maharashtra,Beed,Beed,470,
Maharashtra,Bid,Beed,470,
Maharashtra,Bid/Beed,Beed,470,
Maharashtra,Bhandara,Bhandara,471,
Maharashtra,Buldana,Buldhana,472,
Maharashtra,Buldhana,Buldhana,472,
Maharashtra,Chandrapur,Chandrapur,473,
Maharashtra,Dhule,Dhule,474,
Maharashtra,Gadchiroli,Gadchiroli,475,
Maharashtra,Gondia,Gondia,476,
Maharashtra,Gondiya,Gondia,476,
Maharashtra,Hingoli,Hingoli,477,
Maharashtra,Jalgaon,Jalgaon,478,
Maharashtra,Jalna,Jalna,479,
Maharashtra,Kolhapur,Kolhapur,480,
Maharashtra,Latur,Latur,481,
Maharashtra,Mumbai,Mumbai,482,
Maharashtra,Mumbai Suburban,Mumbai Suburban,483,
Maharashtra,Nagpur,Nagpur,484,
Maharashtra,Nanded,Nanded,485,
Maharashtra,Nandurbar,Nandurbar,486,
Maharashtra,Nashik,Nashik,487,
Maharashtra,Nasik,Nashik,487,
Maharashtra,Dharashiv,Dharashiv,488,
Maharashtra,Osmanabad,Dharashiv,488,
Maharashtra,Parbhani,Parbhani,489,
Maharashtra,Pune,Pune,490,
Maharashtra,Raigad,Raigad,491,
Maharashtra,Ratnagiri,Ratnagiri,492,
Maharashtra,Sangli,Sangli,493,
Maharashtra,Satara,Satara,494,
Maharashtra,Sindhudurg,Sindhudurg,495,
Maharashtra,Sholapur,Solapur,496,
Maharashtra,Solapur,Solapur,496,
Maharashtra,Thane,Thane,497,
Maharashtra,Wardha,Wardha,498,
Maharashtra,Washim,Washim,499,
Maharashtra,Yavatmal,Yavatmal,500,
Maharashtra,Yeotmal,Yavatmal,500,
Maharashtra,Palghar,Palghar,665,
Maharashtra,Brihan Mumbai,Brihan Mumbai,,
Manipur,Bishanpur,Bishnupur,252,
Manipur,Bishenpur,Bishnupur,252,
Manipur,Bishnupur,Bishnupur,252,
Manipur,Chandel,Chandel,253,
Manipur,Churachandpur,Churachandpur,254,
Manipur,Imphal East,Imphal East,255,
Manipur,Imphal West,Imphal West,256,
Manipur,Senapati,Senapati,257,
Manipur,Tamenglong,Tamenglong,258,
Manipur,Thoubal,Thoubal,259,
Manipur,Ukhrul,Ukhrul,260,
Manipur,Kakching,Kakching,711,
Manipur,Kangpokpi,Kangpokpi,712,
Manipur,Jiribam,Jiribam,713,
Manipur,Noney,Noney,714,
Manipur,Pherzawal,Pherzawl,715,
Manipur,Pherzawl,Pherzawl,715,
Manipur,Tengnoupal,Tengnoupal,716,
Manipur,Kamjong,Kamjong,717,
Meghalaya,East Garo Hills,East Garo Hills,273,
Meghalaya,East Khasi Hills,East Khasi Hills,274,
Meghalaya,West Jaintia Hills,West Jaintia Hills,275,
Meghalaya,Ri Bhoi,Ri Bhoi,276,
Meghalaya,South Garo Hills,South Garo Hills,277,
Meghalaya,West Garo Hills,West Garo Hills,278,
Meghalaya,West Khasi Hills,West Khasi Hills,279,
Meghalaya,North Garo Hills,North Garo Hills,656,
Meghalaya,East Jaintia Hills,East Jaintia Hills,657,
Meghalaya,Jaintia Hills,East Jaintia Hills,657,
Meghalaya,South West Khasi Hills,South West Khasi Hills,658,
Meghalaya,South West Garo Hills,South West Garo Hills,663,
Meghalaya,Eastern West Khasi Hills,Eastern West Khasi Hills,740,
Mizoram,Aizawl,Aizawl,261,
Mizoram,Champhai,Champhai,262,
Mizoram,Kolasib,Kolasib,263,
Mizoram,Lawngtlai,Lawngtlai,264,
Mizoram,Lunglei,Lunglei,265,
Mizoram,Mamit,Mamit,266,
Mizoram,Saiha,Siaha,267,
Mizoram,Siaha,Siaha,267,
Mizoram,Serchhip,Serchhip,268,
Mizoram,Hnahthial,Hnahthial,726,
Mizoram,Saitual,Saitual,727,
Mizoram,Khawzawl,Khawzawl,728,
Mizoram,Aizawl East,Aizawl East,,
Mizoram,Aizawl West,Aizawl West,,
Nagaland,Dimapur,Dimapur,244,
Nagaland,Kohima,Kohima,245,
Nagaland,Mokokchung,Mokokchung,246,
Nagaland,Mon,Mon,247,
Nagaland,Phek,Phek,248,
Nagaland,Tuensang,Tuensang,249,
Nagaland,Wokha,Wokha,250,
Nagaland,Zunheboto,Zunheboto,251,
Nagaland,Peren,Peren,613,
Nagaland,Kiphire,Kiphire,614,
Nagaland,Longleng,Longleng,615,
Nagaland,Noklak,Noklak,736,
Nagaland,Tseminyu,Tseminyu,757,
Nagaland,Chumoukedima,Chumoukedima,758,
Nagaland,Niuland,Niuland,764,
Nagaland,Shamator,Shamator,765,
Nagaland,Meluri,Meluri,788,
Odisha,Angul,Anugul,344,
Odisha,Anugul,Anugul,344,
Odisha,Balangir,Balangir,345,
Odisha,Bolangir,Balangir,345,
Odisha,Balasore,Balasore,346,
Odisha,Baleshwar,Balasore,346,
Odisha,Bargarh,Bargarh,347,
Odisha,Bhadrak,Bhadrak,348,
Odisha,Baudh,Boudh,349,
Odisha,Boudh,Boudh,349,
Odisha,Cuttack,Cuttack,350,
Odisha,Deogarh,Deogarh,351,
Odisha,Dhenkanal,Dhenkanal,352,
Odisha,Gajapati,Gajapati,353,
Odisha,Ganjam,Ganjam,354,
Odisha,Jagatsinghapur,Jagatsinghapur,355,
Odisha,Jagatsinghpur,Jagatsinghapur,355,
Odisha,Jajapur,Jajapur,356,
Odisha,Jajpur,Jajapur,356,
Odisha,Jharsuguda,Jharsuguda,357,
Odisha,Kalahandi,Kalahandi,358,
Odisha,Kandhamal,Kandhamal,359,
Odisha,Kendrapara,Kendrapara,360,
Odisha,Kendujhar,Kendujhar,361,
Odisha,Keonjhar,Kendujhar,361,
Odisha,Khordha,Khordha,362,
Odisha,Khurda,Khordha,362,
Odisha,Koraput,Koraput,363,
Odisha,Malkangiri,Malkangiri,364,
Odisha,Mayurbhanj,Mayurbhanj,365,
Odisha,Nabarangpur,Nabarangpur,366,
Odisha,Nawrangpur,Nabarangpur,366,
Odisha,Nayagarh,Nayagarh,367,
Odisha,Nawapara,Nuapada,368,
Odisha,Nuapada,Nuapada,368,
Odisha,Puri,Puri,369,
Odisha,Rayagada,Rayagada,370,
Odisha,Sambalpur,Sambalpur,371,
Odisha,Sonepur,Sonepur,372,
Odisha,Sonapur(Subarnapur),Sonepur,372,
Odisha,Sundargarh,Sundargarh,373,
Odisha,Subarnapur,Subarnapur,,
Others,Others,Others,0,
Others,Other,Others,0,
Puducherry,Karaikal,Karaikal,598,
Puducherry,Pondicherry,Puducherry,600,
Puducherry,Puducherry,Puducherry,600,
Puducherry,Mahe,Mahe,,
Puducherry,Yanam,Yanam,,
Punjab,Amritsar,Amritsar,27,
Punjab,Bathinda,Bathinda,28,
Punjab,Bhatinda,Bathinda,28,
Punjab,Faridkot,Faridkot,29,
Punjab,Fatehgarh Sahib,Fatehgarh Sahib,30,
Punjab,Ferozepur,Ferozepur,31,
Punjab,Ferozpur,Ferozepur,31,
Punjab,Gurdaspur,Gurdaspur,32,
Punjab,Hoshiarpur,Hoshiarpur,33,
Punjab,Jalandhar,Jalandhar,34,
Punjab,Kapurthala,Kapurthala,35,
Punjab,Ludhiana,Ludhiana,36,
Punjab,Mansa,Mansa,37,
Punjab,Moga,Moga,38,
Punjab,Muktsar,Sri Muktsar Sahib,39,
Punjab,Sri Muktsar Sahib,Sri Muktsar Sahib,39,
Punjab,Nawanshahr,Shahid Bhagat Singh Nagar,40,
Punjab,Shahid Bhagat Singh Nagar,Shahid Bhagat Singh Nagar,40,
Punjab,Patiala,Patiala,41,
Punjab,Rupnagar,Rupnagar,42,
Punjab,Sangrur,Sangrur,43,
Punjab,Barnala,Barnala,605,
Punjab,Mohali SAS Nagar,S.A.S Nagar,608,
Punjab,S.A.S Nagar,S.A.S Nagar,608,
Punjab,Sahibzada Ajit Singh Naga,S.A.S Nagar,608,
Punjab,Sahibzada Ajit Singh Nagar,S.A.S Nagar,608,
Punjab,Taran Taran,Tarn Taran,609,
Punjab,Tarn Taran,Tarn Taran,609,
Punjab,Fazilka,Fazilka,651,
Punjab,Pathankot,Pathankot,662,
Punjab,Malerkotla,Malerkotla,737,
Rajasthan,Ajmer,Ajmer,86,
Rajasthan,Alwar,Alwar,87,
Rajasthan,Banswara,Banswara,88,
Rajasthan,Baran,Baran,89,
Rajasthan,Barmer,Barmer,90,
Rajasthan,Bharatpur,Bharatpur,91,
Rajasthan,Bhilwara,Bhilwara,92,
Rajasthan,Bikaner,Bikaner,93,
Rajasthan,Bundi,Bundi,94,
Rajasthan,Chittaurgarh,Chittorgarh,95,
Rajasthan,Chittorgarh,Chittorgarh,95,
Rajasthan,Churu,Churu,96,
Rajasthan,Dausa,Dausa,97,
Rajasthan,Dhaulpur,Dholpur,98,
Rajasthan,Dholpur,Dholpur,98,
Rajasthan,Dungarpur,Dungarpur,99,
Rajasthan,Ganganagar,Ganganagar,100,
Rajasthan,Hanumangarh,Hanumangarh,101,
Rajasthan,Jaipur,Jaipur,102,
Rajasthan,Jaipur Rural,Jaipur,102,
Rajasthan,Jaisalmer,Jaisalmer,103,
Rajasthan,Jalor,Jalore,104,
Rajasthan,Jalore,Jalore,104,
Rajasthan,Jhalawar,Jhalawar,105,
Rajasthan,Jhunjhunu,Jhunjhunu,106,
Rajasthan,Jhunjhunun,Jhunjhunu,106,
Rajasthan,Jodhpur,Jodhpur,107,
Rajasthan,Jodhpur Rural,Jodhpur,107,
Rajasthan,Karauli,Karauli,108,
Rajasthan,Kota,Kota,109,
Rajasthan,Nagaur,Nagaur,110,
Rajasthan,Pali,Pali,111,
Rajasthan,Rajasamand,Rajsamand,112,
Rajasthan,Rajsamand,Rajsamand,112,
Rajasthan,Sawai Madhopur,Sawai Madhopur,113,
Rajasthan,Sikar,Sikar,114,
Rajasthan,Sirohi,Sirohi,115,
Rajasthan,Tonk,Tonk,116,
Rajasthan,Udaipur,Udaipur,117,
Rajasthan,Pratapgarh,Pratapgarh,629,
Rajasthan,Deeg,Deeg,767,
Rajasthan,Didwana-Kuchaman,Didwana-Kuchaman,768,
Rajasthan,Khairthal-Tijara,Khairthal-Tijara,770,
Rajasthan,Phalodi,Phalodi,772,
Rajasthan,Beawar,Beawar,774,
Rajasthan,Balotra,Balotra,775,
Rajasthan,Salumbar,Salumbar,777,
Rajasthan,Salumber,Salumbar,777,
Rajasthan,Kotputli-Behror,Kotputli-Behror,782,
Rajasthan,Anupgarh,Anupgarh,,
Rajasthan,Dudu,Dudu,,Dudu became a district in 2023 and abolished in 2024
Rajasthan,Gangapurcity,Gangapurcity,,
Rajasthan,Kekri,Kekri,,
Rajasthan,Neem Ka Thana,Neem Ka Thana,,
Rajasthan,Sanchore,Sanchore,,
Rajasthan,Shahpura,Shahpura,,formed in March 2023
Sikkim,East,Gangtok,225,
Sikkim,East District,Gangtok,225,
Sikkim,East Sikkim,Gangtok,225,
Sikkim,Gangtok,Gangtok,225,
Sikkim,Mangan,Mangan,226,
Sikkim,North,Mangan,226,
Sikkim,North District,Mangan,226,
Sikkim,North Sikkim,Mangan,226,
Sikkim,Namchi,Namchi,227,
Sikkim,South,Namchi,227,
Sikkim,South District,Namchi,227,
Sikkim,South Sikkim,Namchi,227,
Sikkim,Gyalshing,Gyalshing,228,
Sikkim,West,Gyalshing,228,
Sikkim,West District,Gyalshing,228,
Sikkim,West Sikkim,Gyalshing,228,
Sikkim,Pakyong,Pakyong,741,
Sikkim,Soreng,Soreng,742,
Tamil Nadu,Chennai,Chennai,568,
Tamil Nadu,Coimbatore,Coimbatore,569,
Tamil Nadu,Cuddalore,Cuddalore,570,
Tamil Nadu,Dharmapuri,Dharmapuri,571,
Tamil Nadu,Dindigul,Dindigul,572,
Tamil Nadu,Erode,Erode,573,
Tamil Nadu,Kancheepuram,Kancheepuram,574,
Tamil Nadu,Kanchipuram,Kancheepuram,574,
Tamil Nadu,Kanniyakumari,Kanniyakumari,575,
Tamil Nadu,Kanyakumari,Kanniyakumari,575,
Tamil Nadu,Karur,Karur,576,
Tamil Nadu,Krishnagiri,Krishnagiri,577,
Tamil Nadu,Madurai,Madurai,578,
Tamil Nadu,Nagapattinam,Nagapattinam,579,
Tamil Nadu,Namakkal,Namakkal,580,
Tamil Nadu,Perambalur,Perambalur,581,
Tamil Nadu,Pudukkottai,Pudukkottai,582,
Tamil Nadu,Ramanathapuram,Ramanathapuram,583,
Tamil Nadu,Salem,Salem,584,
Tamil Nadu,Sivaganga,Sivaganga,585,
Tamil Nadu,Sivagangai(Pasumpon),Sivaganga,585,
Tamil Nadu,Thanjavur,Thanjavur,586,
Tamil Nadu,Nilgiri,The Nilgiris,587,
Tamil Nadu,Nilgiris,The Nilgiris,587,
Tamil Nadu,The Nilgiris,The Nilgiris,587,
Tamil Nadu,Theni,Theni,588,
Tamil Nadu,Thiruvallur,Thiruvallur,589,
Tamil Nadu,Tiruvallur,Thiruvallur,589,
Tamil Nadu,Thiruvarur,Thiruvarur,590,
Tamil Nadu,Tiruchirapalli,Tiruchirappalli,591,
Tamil Nadu,Tiruchirappalli,Tiruchirappalli,591,
Tamil Nadu,Thirunelveli,Tirunelveli,592,
Tamil Nadu,Tirunelvali,Tirunelveli,592,
Tamil Nadu,Tirunelveli,Tirunelveli,592,
Tamil Nadu,Tiruvannamalai,Tiruvannamalai,593,
Tamil Nadu,Thoothukkudi,Thoothukkudi,594,
Tamil Nadu,Thoothukudi,Thoothukkudi,594,
Tamil Nadu,Toothukudi,Thoothukkudi,594,
Tamil Nadu,Vellore,Vellore,595,
Tamil Nadu,Villupuram,Viluppuram,596,
Tamil Nadu,Viluppuram,Viluppuram,596,
Tamil Nadu,Virudhunagar,Virudhunagar,597,
Tamil Nadu,Ariyalur,Ariyalur,610,
Tamil Nadu,Tiruppur,Tiruppur,634,
Tamil Nadu,Kallakurichi,Kallakurichi,729,
Tamil Nadu,Chengalpattu,Chengalpattu,730,
Tamil Nadu,Ranipet,Ranipet,731,
Tamil Nadu,Tirupathur,Tirupathur,732,
Tamil Nadu,Tenkasi,Tenkasi,733,
Tamil Nadu,Mayiladuthurai,Mayiladuthurai,735,
Telangana,Adilabad,Adilabad,501,
Telangana,Hyderabad,Hyderabad,507,
Telangana,Karimnagar,Karimnagar,508,
Telangana,Khammam,Khammam,509,
Telangana,Mahabubnagar,Mahabubnagar,512,
Telangana,Mahbubnagar,Mahabubnagar,512,
Telangana,Medak,Medak,513,
Telangana,Nalgonda,Nalgonda,514,
Telangana,Nizamabad,Nizamabad,516,
Telangana,Ranga Reddy,Ranga Reddy,518,
Telangana,Rangareddi,Ranga Reddy,518,
Telangana,Rangareddy,Ranga Reddy,518,
Telangana,Warangal,Warangal,522,
Telangana,Warangal Rural,Warangal,522,
Telangana,Nirmal,Nirmal,680,
Telangana,Jagitial,Jagitial,681,
Telangana,Peddapalli,Peddapalli,682,
Telangana,Rajanna Sircilla,Rajanna Sircilla,683,
Telangana,Rajanna(sircilla),Rajanna Sircilla,683,
Telangana,Mancherial,Mancherial,684,
Telangana,Kamareddy,Kamareddy,685,
Telangana,Hanumakonda,Hanumakonda,686,
Telangana,Warangal Urban,Hanumakonda,686,
Telangana,Warangal- Urban,Hanumakonda,686,
Telangana,Jayashankar (bhupalpalli),Jayashankar Bhupalapally,687,
Telangana,Jayashankar Bhupalapally,Jayashankar Bhupalapally,687,
Telangana,Mahabubabad,Mahabubabad,688,
Telangana,Jangaon,Jangoan,689,
Telangana,Jangoan,Jangoan,689,
Telangana,Bhadradri (kothagudem),Bhadradri Kothagudem,690,
Telangana,Bhadradri Kothagudem,Bhadradri Kothagudem,690,
Telangana,Sangareddy,Sangareddy,691,
Telangana,Siddipet,Siddipet,692,
Telangana,Wanaparthy,Wanaparthy,693,
Telangana,Nagarkurnool,Nagarkurnool,694,
Telangana,Jagulamba Gadwal,Jogulamba Gadwal,695,
Telangana,Jogulamba (gadwal),Jogulamba Gadwal,695,
Telangana,Jogulamba Gadwal,Jogulamba Gadwal,695,
Telangana,Suryapet,Suryapet,696,
Telangana,Yadadri,Yadadri Bhuvanagiri,697,
Telangana,Yadadri Bhuvanagiri,Yadadri Bhuvanagiri,697,
Telangana,Vikarabad,Vikarabad,698,
Telangana,Komram Bheem (asifabad),Kumuram Bheem Asifabad,699,
Telangana,Kumuram Bheem Asifabad,Kumuram Bheem Asifabad,699,
Telangana,Medchal Malkajgiri,Medchal Malkajgiri,700,
Telangana,Medchal-Malkajgiri,Medchal Malkajgiri,700,
Telangana,Mulugu,Mulugu,720,
Telangana,Narayanpet,Narayanpet,721,
Tripura,Dhalai,Dhalai,269,
Tripura,North Tripura,North Tripura,270,
Tripura,S. Tripura,South Tripura,271,
Tripura,S.Tripura,South Tripura,271,
Tripura,South Tripura,South Tripura,271,
Tripura,West Tripura,West Tripura,272,
Tripura,Khowai,Khowai,652,
Tripura,Sepahijala,Sepahijala,653,
Tripura,Shipahijala,Sepahijala,653,
Tripura,Gomati,Gomati,654,
Tripura,Unakoti,Unakoti,655,
Uttar Pradesh,Hamirpur,Hamirpur,17,
Uttar Pradesh,Agra,Agra,118,
Uttar Pradesh,Aligarh,Aligarh,119,
Uttar Pradesh,Allahabad,Prayagraj,120,
Uttar Pradesh,Prayagraj,Prayagraj,120,
Uttar Pradesh,Ambedkar Nagar,Ambedkar Nagar,121,
Uttar Pradesh,Auraiya,Auraiya,122,
Uttar Pradesh,Azamgarh,Azamgarh,123,
Uttar Pradesh,Baghpat,Baghpat,124,
Uttar Pradesh,Bahraich,Bahraich,125,
Uttar Pradesh,Ballia,Ballia,126,
Uttar Pradesh,Balrampur,Balrampur,127,
Uttar Pradesh,Banda,Banda,128,
Uttar Pradesh,Bara Banki,Bara Banki,129,
Uttar Pradesh,Barabanki,Bara Banki,129,
Uttar Pradesh,Bareilly,Bareilly,130,
Uttar Pradesh,Basti,Basti,131,
Uttar Pradesh,Bijnor,Bijnor,132,
Uttar Pradesh,Budaun,Budaun,133,
Uttar Pradesh,Bulandshahr,Bulandshahr,134,
Uttar Pradesh,Chandauli,Chandauli,135,
Uttar Pradesh,Chitrakoot,Chitrakoot,136,
Uttar Pradesh,Chitrakut,Chitrakoot,136,
Uttar Pradesh,Deoria,Deoria,137,
Uttar Pradesh,Etah,Etah,138,
Uttar Pradesh,Etawah,Etawah,139,
Uttar Pradesh,Ayodhya,Ayodhya,140,
Uttar Pradesh,Faizabad,Ayodhya,140,
Uttar Pradesh,Farrukhabad,Farrukhabad,141,
Uttar Pradesh,Fatehpur,Fatehpur,142,
Uttar Pradesh,Firozabad,Firozabad,143,
Uttar Pradesh,Gautam Buddha Nagar,Gautam Buddha Nagar,144,
Uttar Pradesh,Ghaziabad,Ghaziabad,145,
Uttar Pradesh,Ghazipur,Ghazipur,146,
Uttar Pradesh,Gonda,Gonda,147,
Uttar Pradesh,Gorakhpur,Gorakhpur,148,
Uttar Pradesh,Hardoi,Hardoi,150,
Uttar Pradesh,Jalaun,Jalaun,151,
Uttar Pradesh,Jaunpur,Jaunpur,152,
Uttar Pradesh,Jhansi,Jhansi,153,
Uttar Pradesh,Amroha,Amroha,154,
Uttar Pradesh,Jyotiba Phule Nagar,Amroha,154,
Uttar Pradesh,Jyotibha Phule Nagar,Amroha,154,
Uttar Pradesh,Kanauj,Kannauj,155,
Uttar Pradesh,Kannauj,Kannauj,155,
Uttar Pradesh,Kanpur Dehat,Kanpur Dehat,156,
Uttar Pradesh,Kanpur Nagar,Kanpur Nagar,157,
Uttar Pradesh,Kaushambi,Kaushambi,158,
Uttar Pradesh,Kheri,Kheri,159,
Uttar Pradesh,Lakhimpur Kheri,Kheri,159,
Uttar Pradesh,Kushi Nagar,Kushinagar,160,
Uttar Pradesh,Kushinagar,Kushinagar,160,
Uttar Pradesh,Lalitpur,Lalitpur,161,
Uttar Pradesh,Lucknow,Lucknow,162,
Uttar Pradesh,Hathras,Hathras,163,
Uttar Pradesh,Mahamaya Nagar,Hathras,163,
Uttar Pradesh,Maharajganj,Mahrajganj,164,
Uttar Pradesh,Maharjganj,Mahrajganj,164,
Uttar Pradesh,Mahrajganj,Mahrajganj,164,
Uttar Pradesh,Mahoba,Mahoba,165,
Uttar Pradesh,Mainpuri,Mainpuri,166,
Uttar Pradesh,Mathura,Mathura,167,
Uttar Pradesh,Mau,Mau,168,
Uttar Pradesh,Meerut,Meerut,169,
Uttar Pradesh,Mirzapur,Mirzapur,170,
Uttar Pradesh,Moradabad,Moradabad,171,
Uttar Pradesh,Muzaffar Nagar,Muzaffarnagar,172,
Uttar Pradesh,Muzaffarnagar,Muzaffarnagar,172,
Uttar Pradesh,Pilibhit,Pilibhit,173,
Uttar Pradesh,Pratapgarh,Pratapgarh,174,
Uttar Pradesh,Rae Bareli,Rae Bareli,175,
Uttar Pradesh,Rai Bareli,Rae Bareli,175,
Uttar Pradesh,Rampur,Rampur,176,
Uttar Pradesh,Saharanpur,Saharanpur,177,
Uttar Pradesh,Sant Kabir Nagar,Sant Kabir Nagar,178,
Uttar Pradesh,Bhadohi,Bhadohi,179,
Uttar Pradesh,Sant Ravidas Nagar,Bhadohi,179,
Uttar Pradesh,Sant Ravidas Nagar (Bhadohi),Bhadohi,179,
Uttar Pradesh,Santravidas Nagar,Bhadohi,179,
Uttar Pradesh,Shahjahanpur,Shahjahanpur,180,
Uttar Pradesh,Shravasti,Shrawasti,181,
Uttar Pradesh,Shrawasti,Shrawasti,181,
Uttar Pradesh,Sravasti,Shrawasti,181,
Uttar Pradesh,Siddharth Nagar,Siddharthnagar,182,
Uttar Pradesh,Siddharthnagar,Siddharthnagar,182,
Uttar Pradesh,Sidharthanagar,Siddharthnagar,182,
Uttar Pradesh,Sitapur,Sitapur,183,
Uttar Pradesh,Sonbhadra,Sonbhadra,184,
Uttar Pradesh,Sultanpur,Sultanpur,185,
Uttar Pradesh,Unnao,Unnao,186,
Uttar Pradesh,Varanasi,Varanasi,187,
Uttar Pradesh,Bhagalpur,Bhagalpur,192,
Uttar Pradesh,Kanshiram Nagar,Kasganj,633,
Uttar Pradesh,Kasganj,Kasganj,633,
Uttar Pradesh,Kashi Ram Nagar,Kasganj,633,
Uttar Pradesh,Amethi,Amethi,640,
Uttar Pradesh,Bhim Nagar,Sambhal,659,
Uttar Pradesh,Sambhal,Sambhal,659,
Uttar Pradesh,Prabudh Nagar,Shamli,660,
Uttar Pradesh,Shamli,Shamli,660,
Uttar Pradesh,Hapur,Hapur,661,
Uttar Pradesh,Panchsheel Nagar,Hapur,661,
Uttar Pradesh,C S M Nagar,Chhatrapati Sahuji Maharaj (CSM) Nagar,,
Uttar Pradesh,Hathinia Hill,Hathinia Hill,,
Uttar Pradesh,Maunathbhanjan,Maunathbhanjan,,
Uttarakhand,Almora,Almora,45,
Uttarakhand,Bageshwar,Bageshwar,46,
Uttarakhand,Chamoli,Chamoli,47,
Uttarakhand,Champawat,Champawat,48,
Uttarakhand,Dehra Dun,Dehradun,49,
Uttarakhand,Dehradun,Dehradun,49,
Uttarakhand,Haridwar,Haridwar,50,
Uttarakhand,Nainital,Nainital,51,
Uttarakhand,Garhwal,Pauri Garhwal,52,
Uttarakhand,Pauri Garhwal,Pauri Garhwal,52,
Uttarakhand,Pithoragarh,Pithoragarh,53,
Uttarakhand,Rudra Prayag,Rudra Prayag,54,
Uttarakhand,Rudraprayag,Rudra Prayag,54,
Uttarakhand,Tehri Garhwal,Tehri Garhwal,55,
Uttarakhand,Udam Singh Nagar,Udam Singh Nagar,56,
Uttarakhand,Udamsingh Nagar,Udam Singh Nagar,56,
Uttarakhand,Udham Singh Nagar,Udam Singh Nagar,56,
Uttarakhand,Uttar Kashi,Uttar Kashi,57,
Uttarakhand,Uttarkashi,Uttar Kashi,57,
West Bengal,North 24 Parganas,North 24 Parganas,303,
West Bengal,North Twenty Four Parganas,North 24 Parganas,303,
West Bengal,South 24 Parganas,South 24 Parganas,304,
West Bengal,South Twenty Four Parganas,South 24 Parganas,304,
West Bengal,Bankura,Bankura,305,
West Bengal,Barddhaman,Purba Bardhaman,306,
West Bengal,Purba Bardhaman,Purba Bardhaman,306,
West Bengal,Birbhum,Birbhum,307,
West Bengal,Cooch Behar,Cooch Behar,308,
West Bengal,Koch Bihar,Cooch Behar,308,
West Bengal,Darjeeling,Darjeeling,309,
West Bengal,Darjiling,Darjeeling,309,
West Bengal,Dakshin Dinajpur,Dakshin Dinajpur,310,
West Bengal,Dinajpur (South),Dakshin Dinajpur,310,
West Bengal,Uttar Dinajpur,Uttar Dinajpur,311,
West Bengal,Hooghly,Hooghly,312,
West Bengal,Hugli,Hooghly,312,
West Bengal,Haora,Howrah,313,
West Bengal,Howrah,Howrah,313,
West Bengal,Jalpaiguri,Jalpaiguri,314,
West Bengal,Kolkata,Kolkata,315,
West Bengal,Malda,Malda,316,
West Bengal,Maldah,Malda,316,
West Bengal,Medinipur East,Purba Medinipur,317,
West Bengal,Purba Medinipur,Purba Medinipur,317,
West Bengal,Medinipur West,Paschim Medinipur,318,
West Bengal,Paschim Medinipur,Paschim Medinipur,318,
West Bengal,Murshidabad,Murshidabad,319,
West Bengal,Nadia,Nadia,320,
West Bengal,Purulia,Purulia,321,
West Bengal,Puruliya,Purulia,321,
West Bengal,Alipurduar,Alipurduar,664,
West Bengal,Kalimpong,Kalimpong,702,
West Bengal,Jhargram,Jhargram,703,
West Bengal,Paschim Bardhaman,Paschim Bardhaman,704,